probeID,base_position,dist_TSS,LN229,U87_MG,U251,NCH_644,ZH487-GB,ZH487-cell,NCH_636,NCH_705,NCH_711d,H016_MES,H016_RTK_I
cg20754324,38381626,1087,0.372611359,0.357741202,0.616736266,0.174753469,0.215472482,0.540739257,0.822815406,0.398117225,0.807142113,0.736437324,0.4877153
cg25625951,38381518,979,0.347175152,0.584278409,0.789679548,0.181054126,0.386280919,0.636288661,0.83393982,0.703605976,0.816883444,0.89381339,0.661822196
cg19257200,38380983,444,0.441439434,0.854276027,0.822038509,0.164621281,0.290107329,0.619965992,0.879929897,0.574061861,0.871178122,0.658291296,0.321872577
cg25036707,38380487,-52,0.061520489,0.862881692,0.888295826,0.069730337,0.29270116,0.295273242,0.849957145,0.452912354,0.825849587,0.780677165,0.422796115
cg12990614,38379749,-790,0.069085707,0.880112042,0.88965441,0.073604412,0.254595417,0.224555075,0.884523444,0.41007199,0.794398004,0.652768164,0.371933131
cg01586506,38379506,-1033,0.01028122,0.940585622,0.93017937,0.012758967,0.404434385,0.449123368,0.936209803,0.930600877,0.942226689,0.596463234,0.38635848
cg23109891,38379218,-1321,0.060128713,0.849414858,0.820980428,0.057591747,0.3100917,0.33903991,0.824877229,0.679267579,0.85516512,0.832216331,0.5225967
cg05447556,38377633,-2906,0.215582309,0.794692077,0.814005104,0.178430371,0.351068812,0.512550433,0.79324858,0.55774986,0.821608985,0.748082734,0.418076541
cg24397874,38368323,-12216,0.814052196,0.911798698,0.891149335,0.605935123,0.615145661,0.893351236,0.913079071,0.876734685,0.905959953,0.771599257,0.449521768